R0,R1,R2,R3,R4,R5,R6,R7,R8,R9,R10,R11,R12,R13,R14,R15,R16,R17,R18,R19,R20,R21,Target
A,0.069918928,0.023471035,0.088969626,0.289115179,0.252241483,0.03724886,0.48771194,0.034197071,0.118798973,0.207946837,0.061389674,0.388135483,-0.104541092,1.957984587,8.600982901,5.692015027,1.956712921,0.492676575,0.147671427,0.031532889,0.213534126,0.343764539
A,-0.109224977,-0.061613589,0.082097367,0.279454999,0.21254282,0.031667419,0.462966652,0.034280011,0.728957136,0.209613565,0.069215511,1.007786212,0.531542199,0.857597874,10.1566035,6.622842007,1.87416214,0.476244013,0.148993125,0.031884918,0.214002615,0.282984576
A,0.068993026,0.155269077,0.081579825,0.267610964,0.1744732,0.026243807,0.428392079,0.028967769,0.443226084,0.192212294,0.069117687,0.704556065,0.235809705,1.120517641,9.931535565,6.356165992,1.777764749,0.468746359,0.15041741,0.032178556,0.2139284,0.279691366
A,0.145934479,0.201948723,0.088462576,0.271712695,0.135025802,0.021065591,0.408427785,0.029968142,0.649598423,0.180550346,0.062065256,0.892214025,0.439109269,1.011577048,9.29872021,5.902665681,1.738095084,0.453104756,0.156011597,0.034143619,0.218853086,0.294459347
A,0.183056131,0.356066436,-0.083373733,0.479827433,0.197037046,0.043879137,0.356319559,0.053400351,0.622511367,0.154293113,0.052722865,0.829527345,0.04709652,1.153828587,8.263498887,5.632251979,2.140525833,0.782430825,0.222694858,0.058539978,0.26287081,0.380047953
A,0.313672068,0.508647934,0.12992337,0.491633197,0.131327336,0.030978415,0.310269243,0.060443664,0.591339514,0.138570066,0.040542752,0.770452331,0.000301337,1.068296226,6.943167078,4.679963464,2.067849059,0.770150994,0.235887028,0.060441475,0.256230601,0.441851539
A,0.106525828,0.130485181,0.108882611,0.466717783,0.263245477,0.060527175,0.303693438,0.128457044,0.948217949,0.145245502,0.037942297,1.131405748,0.390572567,0.692124462,6.845842907,4.577818909,2.018417315,0.740833181,0.22992674,0.067973909,0.295632899,0.440912442
A,0.121691771,-0.055074964,0.232001516,0.459659726,0.202581107,0.045767746,0.360505243,0.168938956,1.473855166,0.151162083,0.044724011,1.66974126,0.942722071,0.267730793,7.45926523,4.968198543,1.994406079,0.72701919,0.225923072,0.071956032,0.316069865,0.401434456
A,0.116114104,0.094094166,0.080560991,0.472106423,0.163113251,0.03565887,0.367760837,0.082772489,1.52092734,0.119064493,0.045449205,1.685441038,1.000934238,0.315755617,7.607422765,5.19570744,2.15436183,0.6845068,0.218614179,0.074996384,0.341017955,0.414642636
A,1.133987017,0.572732852,3.255667638,0.424369821,0.055935168,0.022591663,0.499002009,0.103527165,1.435069574,0.143525176,0.082201661,1.660796411,1.080257656,0.320894246,9.826760718,5.017238084,1.043188371,0.580538755,0.403890138,0.056853447,0.140764632,0.207920843
A,0.151671569,0.126947752,-0.418574798,0.467742252,0.131795343,0.034259556,0.509949486,0.053596762,0.799703369,0.127384939,0.061448308,0.988536617,0.349922508,0.966840082,6.75951543,4.331412016,1.783866367,0.638614109,0.259945118,0.064406962,0.247771384,0.411844073
A,0.284269445,0.199798944,-0.158653216,0.558003741,0.168621106,0.037109374,0.545851908,0.069090021,1.16586921,0.156239484,0.086149046,1.408257741,0.684820297,-0.010438724,5.581193949,3.990502054,2.508658067,0.723437444,0.220075499,0.018546344,0.084272645,0.628657255
A,0.075537231,0.039842641,0.033576581,0.579753191,0.152612053,0.034522641,0.56458932,0.074977185,0.986259869,0.146780369,0.107749577,1.240789815,0.459346198,0.300985937,5.407954254,3.879321082,2.537771096,0.781443617,0.22621176,0.018535658,0.07614016,0.654179183
A,-0.045634666,0.046112861,0.191238349,0.582552528,0.13748299,0.03661539,0.515072986,0.07767454,0.797726189,0.159443344,0.08847406,1.045643593,0.305466189,0.630959487,6.044935027,4.136895839,2.168139871,0.740177404,0.26632669,0.038218555,0.143725207,0.52409825
A,0.030047952,0.172716736,-0.044600772,0.591699932,0.157817442,0.038260781,0.452410935,0.06818273,0.796578461,0.158153719,0.096080754,1.050812934,0.284226073,0.394581797,6.038256987,4.268495528,2.411904444,0.766586861,0.242436959,0.038542044,0.158462834,0.565047902
A,0.19282432,0.066316998,0.329425495,0.548704138,0.172454535,0.049822406,0.506084744,0.062559711,0.575758179,0.164892278,0.104822187,0.845472644,0.126822096,0.827705295,5.67925983,3.70682687,1.879317039,0.718650548,0.288901684,0.040717146,0.14096283,0.50698808
A,0.190486822,0.043681349,-0.037848441,0.550223819,0.203453438,0.054745013,0.577271233,0.062382982,0.589879745,0.178639682,0.106928899,0.875448327,0.136486647,0.953439283,4.818377287,3.224256788,2.02259289,0.73896168,0.269078831,0.059210932,0.198079599,0.627305151
A,0.140610219,0.071866039,0.429033444,0.491592397,0.167152631,0.054965359,0.614294551,0.053011185,0.442129784,0.199968172,0.113239778,0.755337734,0.078324498,1.567552309,4.957201904,2.959980181,1.482048861,0.677013236,0.328833344,0.055776124,0.156878354,0.500695535
A,0.409173437,0.364744397,1.487962289,0.354442837,0.074498356,0.036505633,0.634292814,0.038930775,0.415953591,0.201066583,0.092294836,0.70931501,0.196827483,2.005263857,6.064291255,2.53810193,0.719786063,0.512487527,0.490019315,0.063583874,0.101319118,0.28359226
A,0.164420945,0.210942058,0.196223631,0.341010015,0.058581027,0.030714903,0.609925003,0.039493817,0.611893812,0.192445445,0.099372849,0.903712106,0.425936326,0.758463122,5.968228841,2.345732171,0.647545708,0.477775781,0.524314855,0.059740847,0.100697479,0.276052704
A,0.100514466,0.050588189,-0.138645424,0.389051368,0.076389417,0.037101031,0.638909989,0.048290669,0.614869402,0.188857515,0.086404958,0.890131874,0.373356169,0.998834051,5.09562687,2.260358292,0.797228986,0.516775705,0.485682859,0.073930488,0.13588825,0.352700272
B,0.656297513,0.227735152,0.136067055,0.178754596,0.587872763,0.091142908,0.420246582,0.050447954,0.587928983,0.31990865,0.081558806,0.98939644,0.284746049,1.051329297,2.05940994,0.949586003,1.142544732,0.704650391,0.155038494,0.036189348,0.20912304,1.203203004
B,0.237749913,0.110522174,0.132626463,0.260121624,0.748508016,0.111347403,0.468392422,0.043600157,0.553951326,0.314554284,0.08792041,0.95642602,0.252504037,1.117084933,2.076402794,1.315875347,1.730214144,0.703921983,0.148759132,0.035549121,0.219467956,1.314876936
B,-0.056067281,-0.063305474,0.228205328,0.248206877,1.029186185,0.163184583,0.472011867,0.039839757,0.48981019,0.332238086,0.096903393,0.91895167,0.226485585,1.051490985,2.521928377,1.532362231,1.548519254,0.692466085,0.158556912,0.032026104,0.201984915,1.010543867
B,0.089520577,0.076788429,0.099372767,0.266738635,0.867245389,0.144194122,0.477593024,0.0407712,0.521554237,0.313318822,0.09532436,0.93019742,0.23019742,1.038481734,2.58434291,1.58582843,1.588187714,0.7,0.166266808,0.033782664,0.203183453,1.00148773
B,0.056118034,-0.028640703,0.051926105,0.339181519,0.702037678,0.143696688,0.519266771,0.041958016,0.542581836,0.300985676,0.102333002,0.945900514,0.156732888,1.02363041,2.628238218,1.633687028,1.642637447,0.789167626,0.204685151,0.041963997,0.205017301,1.005478662
B,-0.036270774,0.031059424,0.076399187,0.335165519,0.549099398,0.118169789,0.485357634,0.046955338,0.463585149,0.278645117,0.103500688,0.845730954,0.067846575,1.675865641,2.828569809,1.717745249,1.546369528,0.777884379,0.215206553,0.044324995,0.205964894,0.900232167
B,-0.012979836,0.064264099,0.059100418,0.313351224,0.704185486,0.154268133,0.450130538,0.0501231,0.471369475,0.274582536,0.107958952,0.853910963,0.074197675,1.456303972,2.888392793,1.696446773,1.423258055,0.779713289,0.219073151,0.044199872,0.201758506,0.838964167
B,0.134189936,0.039730135,0.066907558,0.324739377,0.418096636,0.098907966,0.491025035,0.048637654,0.499973623,0.278273625,0.106518658,0.884765906,0.107016453,1.274806071,2.653084732,1.531847295,1.366211334,0.777749453,0.236567238,0.051079081,0.212655227,0.891871754
B,0.074453811,0.28032469,0.122623617,0.283797614,0.468373524,0.108320058,0.412070254,0.041084742,0.507866475,0.227797897,0.095580454,0.831244826,0.062843007,1.93067145,2.602375006,1.430870364,1.221395386,0.768401819,0.231268533,0.046627208,0.202419501,0.853603105
B,0.121565902,0.177218754,0.276160978,0.295042703,0.389664628,0.107479205,0.392589691,0.040340085,0.607129889,0.199925773,0.094057732,0.901113395,0.136757807,1.555759267,2.700639686,1.367656481,1.026011788,0.764355588,0.275824895,0.089721771,0.325285255,0.750196999
B,0.266493703,0.320816495,-0.080698796,0.276278672,0.547542923,0.114880224,0.376443187,0.054519014,0.560255401,0.186722989,0.081592767,0.828571157,0.053447695,1.169120613,2.179483139,1.211919651,1.252547937,0.775123462,0.209810445,0.040403568,0.192571767,1.033523911
B,0.372261018,0.185383612,0.064879182,0.31245177,0.485197051,0.101924969,0.435789989,0.067082932,0.58429111,0.199902022,0.075561795,0.859754926,0.117190136,1.158229933,1.815325851,1.064493319,1.41775066,0.74256479,0.210069227,0.041318192,0.196688454,1.331854917
B,0.008008026,0.024855403,-0.055798828,0.33141921,0.546180733,0.100532579,0.428626132,0.065086744,0.648676653,0.213976403,0.093620619,0.956273675,0.172873479,0.504476246,1.908924117,1.205619244,1.714219949,0.783400196,0.184064675,0.027154639,0.147527707,1.421858483
B,-0.013772304,-0.010883728,0.16743393,0.298240929,0.551971666,0.101592153,0.427374389,0.062420266,0.54686532,0.190569479,0.116733095,0.854167894,0.107103621,1.124653898,2.136010749,1.30348295,1.565693004,0.747064273,0.184053203,0.046127544,0.190105156,1.201161092
B,0.015034623,-0.060211288,0.209149993,0.295623625,0.607865637,0.122562175,0.461592905,0.069063879,0.542147419,0.196732688,0.16824807,0.907128177,0.126055288,0.683680482,2.396669861,1.404929324,1.416629927,0.781072889,0.201627083,0.035934167,0.135987825,1.00832825
B,0.244992813,0.129122155,-6.64E-05,0.30249989,1.0434499,0.194200862,0.508961627,0.075888815,0.49716609,0.195451607,0.170711641,0.863329338,0.021297096,0.857226475,2.047891891,1.251361467,1.571015281,0.842032242,0.186114218,0.036219039,0.129558495,1.255444827
B,0.281347419,0.179132142,-0.000742888,0.301161202,1.118061978,0.192886615,0.553081918,0.076367832,0.458365534,0.251582853,0.180396497,0.890344885,0.036088848,0.721765914,1.67155129,1.05037808,1.690958434,0.854256037,0.172518715,0.030796374,0.133879732,1.609856933
B,0.337913841,0.279826068,0.046268594,0.315486476,0.858326305,0.145437282,0.57818478,0.062808106,0.481989729,0.235075172,0.15294278,0.870007681,0.012132096,0.855460811,1.361416368,0.875649646,1.802613488,0.857875585,0.169442881,0.036231579,0.161771672,2.058601287
B,0.126191251,0.298094178,0.030958626,0.296401629,1.753178566,0.254247356,0.501617411,0.072824637,0.507710256,0.221855298,0.135797531,0.865363085,-0.012700174,0.783022687,1.330517597,0.885828125,1.992015062,0.87806326,0.145020799,0.036575168,0.200054914,2.248760233
B,0.240538628,0.17253801,0.185822112,0.322937425,1.032964281,0.155839814,0.530708403,0.069121619,0.51024213,0.238285139,0.137955957,0.886483226,0.016702144,0.961446201,1.313370748,0.888295223,2.089735048,0.869781082,0.150866605,0.039941799,0.199557704,2.352523119
B,0.097353007,0.073152454,0.274237677,0.326978211,0.922601962,0.152655629,0.542676355,0.075294633,0.419154884,0.254890956,0.157855578,0.831901418,-0.022274316,1.056429695,1.446586676,0.952992321,1.930719652,0.854175734,0.165462068,0.049515041,0.221143078,2.025955099
C,0.099111347,0.296189309,0.569733458,0.162394805,0.700428226,0.140014391,0.373083763,0.04268304,0.341437885,0.348670734,0.187076514,0.877185133,0.377552006,1.24222929,4.393580113,1.963043413,0.807658412,0.499633127,0.199898271,0.030379872,0.151976665,0.411431763
C,0.095845778,-0.057526507,0.053906783,0.166303962,0.650786734,0.130092077,0.433797098,0.037895819,0.379725718,0.332537171,0.178718576,0.890981465,0.424306125,1.487596302,4.273015086,1.935497192,0.82801385,0.46667534,0.199899706,0.035326413,0.176720686,0.427804212
C,-0.074248431,-0.072980235,0.051785462,0.157458815,0.529208891,0.106890757,0.433203648,0.037011175,0.263894184,0.340590539,0.194733588,0.799218311,0.365724011,1.207967491,4.715318048,2.05956523,0.77551089,0.4334943,0.201982164,0.03732729,0.184804882,0.376541067
C,0.034020281,-0.025095331,0.066457645,0.172308104,0.522249055,0.10205007,0.459471959,0.045233704,0.665364934,0.329695016,0.160988953,1.156048903,0.735776392,0.905389351,5.144890857,2.405826695,0.878338933,0.420272511,0.195404987,0.039011239,0.199643007,0.365088198
C,-0.187196227,-0.11442201,-0.081173877,0.332127371,0.522437692,0.175133884,0.421713893,0.046628096,0.370070498,0.332751391,0.175462942,0.878284832,0.115856794,1.362819402,6.139940556,3.043592102,0.982961753,0.762428038,0.335224443,0.076883001,0.229347839,0.322961067
C,-0.101655934,-0.023098617,0.058371139,0.348852074,0.431119557,0.159989262,0.38780186,0.076426977,0.422144865,0.321755335,0.181093342,0.924993542,0.115268033,1.265068785,7.044310528,3.396392138,0.931049375,0.809725509,0.371101842,0.084704676,0.228251833,0.27412894
C,0.215250699,0.162046159,0.087500135,0.308850987,0.369992355,0.155085666,0.405557454,0.037397644,0.092754661,0.327992324,0.162399117,0.583146101,-0.208504307,2.988567294,5.650191223,2.385752253,0.730830711,0.791650408,0.41915911,0.092820016,0.221443393,0.306331351
C,0.149769884,0.038644549,0.06513041,0.303938028,0.264855846,0.115142256,0.448948341,0.076450926,0.407903036,0.308486674,0.139031613,0.855421323,0.091478893,1.146844502,5.126652572,2.102522903,0.695248926,0.763942429,0.434735567,0.095500723,0.219675432,0.330673651
C,0.548865398,0.367625098,0.117057074,0.30561773,0.300962124,0.12392923,0.508443836,0.069110284,0.370786255,0.267287886,0.110514773,0.748588915,-0.014006919,1.202613165,3.793815746,1.61278346,0.739458774,0.762595833,0.411776833,0.091616299,0.222189771,0.458498485
C,0.330742911,0.239712401,0.478425221,0.29228844,0.272095635,0.118433789,0.545778222,0.078463228,0.588448456,0.260046875,0.081479712,0.929975043,0.272317527,0.956422114,3.946771701,1.523694252,0.628826063,0.657657516,0.435265302,0.078516924,0.18038866,0.412698323
C,0.456721235,0.271004389,-0.144480254,0.334262703,0.347108692,0.11668622,0.625526342,0.043679017,0.644302531,0.25935083,0.076756382,0.980409744,0.28120104,0.891648619,2.757975477,1.334923109,0.938070262,0.699208704,0.33616623,0.058162358,0.173016658,0.702714828
C,-0.100343617,-0.023602441,0.033805047,0.244343547,0.285324093,0.074112629,0.576362324,0.045287655,0.652525471,0.271261879,0.094105618,1.017892968,0.256411722,1.10637392,3.108310897,1.473065765,0.900822596,0.761481246,0.259748935,0.04150042,0.159771281,0.61152911
C,-0.121344938,-0.111770721,-0.010153224,0.257856395,0.245661088,0.067007826,0.570149719,0.051366004,0.633496262,0.272290201,0.112542915,1.018329377,0.281140447,1.201806452,3.507351719,1.665170194,0.903912113,0.737188931,0.272765321,0.040998857,0.150308172,0.54283467
C,0.013503884,-0.001008959,-0.035336669,0.289846055,0.256170344,0.074447712,0.578432569,0.067115163,0.564746377,0.300756467,0.123352855,0.988855698,0.281551761,0.847063231,3.418316049,1.664908888,0.949527826,0.707303937,0.290617996,0.047852029,0.123520488,0.570318191
C,0.190894709,0.144433599,0.003000795,0.337829818,0.306431408,0.086661403,0.601915468,0.075261605,0.669381273,0.28740316,0.120466014,1.077250447,0.353274867,0.267332205,3.157205412,1.680442804,1.137923452,0.723975581,0.282808487,0.031769692,0.073489432,0.677156907
C,0.016570726,-0.001693952,-0.019250247,0.340354332,0.284902879,0.072032486,0.612927915,0.080854388,0.626415294,0.279448235,0.131931178,1.037794707,0.314310857,0.466873993,3.261797133,1.83707131,1.289420941,0.72348385,0.252831725,0.038809318,0.102495465,0.701889433
C,0.20758114,0.229967369,0.392086258,0.347951309,0.21687482,0.07255897,0.601772217,0.073914401,0.558074806,0.272841287,0.152345992,0.983262085,0.292833372,0.632449948,3.288688138,1.646279879,1.002357282,0.690428713,0.334566135,0.052373675,0.122764121,0.608862014
C,0.152099331,0.184370342,0.063383066,0.377512385,0.258183253,0.091824675,0.585375489,0.078579542,0.402666815,0.263455421,0.173593774,0.83971601,0.171597132,1.206758149,3.067766422,1.55183018,1.023677737,0.668118878,0.355656977,0.088543707,0.202089185,0.65965835
C,0.342554391,0.332936917,0.268124323,0.328342552,0.331236609,0.109946902,0.58959912,0.082943186,0.454222979,0.297091176,0.129992667,0.881306822,0.196573196,1.127730566,2.813851288,1.381957256,0.965125369,0.684733625,0.331928594,0.091851469,0.233702733,0.698375702
C,0.031145706,0.313126375,0.102039782,0.332838102,0.346097511,0.115839979,0.462988645,0.106435199,0.405770774,0.28273455,0.108216214,0.796721537,0.116519923,1.080263158,3.018806477,1.48846583,0.97263693,0.680201614,0.334703299,0.099722453,0.263180711,0.653449284
C,0.086649512,0.186648362,0.050220363,0.327748524,0.381509741,0.122268567,0.423972595,0.115379493,0.41629388,0.266068466,0.119770812,0.802133158,0.109272797,1.110527776,2.962454039,1.483416969,1.002961318,0.692860362,0.320486096,0.106850078,0.288370493,0.676115576
D,-0.097796688,-0.125584355,0.699073599,0.14718014,0.201255457,0.059006394,0.406210553,0.031226589,0.343211456,0.318710367,0.12119637,0.783118194,0.438300219,1.879249574,5.448762476,1.814572442,0.499305877,0.344817975,0.293191525,0.044807815,0.152827797,0.275164477
D,0.371403502,0.163491097,0.046294992,0.145859501,0.24552919,0.06820452,0.478799173,0.028812747,0.362585826,0.307188625,0.118231945,0.788006397,0.444192603,1.952558877,4.218356792,1.445697377,0.521411814,0.343813794,0.27778579,0.045473241,0.163698946,0.360664564
D,-0.175250586,-0.198146683,0.037324052,0.133676229,0.203030865,0.054970426,0.49247079,0.029039176,0.483069229,0.319123874,0.137770208,0.939963311,0.616840323,1.551071354,5.200174543,1.712877368,0.491176198,0.323122988,0.270749109,0.043032771,0.158939661,0.286755028
D,-0.071336221,0.005682723,0.036741125,0.129143186,0.190024496,0.053160093,0.454755536,0.024824615,0.445892917,0.301698349,0.148150493,0.895741759,0.56381726,1.658230899,5.673453761,1.780306985,0.457292542,0.331924499,0.279753895,0.043090814,0.154031148,0.256861623
D,0.071455919,0.111049558,-0.019579094,0.214913073,0.207315071,0.090051373,0.438549754,0.054870488,0.479276316,0.287299665,0.155509652,0.922085633,0.355775663,1.169535532,5.30233238,1.739962318,0.48842829,0.566309969,0.43436964,0.076069348,0.175125839,0.280711993
D,-0.030210499,0.009544839,0.15565728,0.21123921,0.168786592,0.080686349,0.421279898,0.052422279,0.51877324,0.29710012,0.155281168,0.971154529,0.440495383,1.010352941,6.101694915,1.856568634,0.437341203,0.530659146,0.478037667,0.076940776,0.160951284,0.235564253
D,0.025423729,0.06715586,0.039026623,0.199621757,0.153045261,0.070071313,0.404805353,0.04644523,0.508351392,0.275547445,0.162739342,0.946638179,0.421681931,1.10832444,6.149544311,1.848103747,0.429647631,0.524956248,0.457846993,0.077953596,0.170261239,0.232480255
D,0.626367883,0.286747593,0.007487849,0.233783223,0.151741969,0.070290786,0.51164846,0.039675078,0.404528589,0.319847085,0.123215735,0.84759141,0.320309078,1.137615783,3.989093758,1.324475777,0.497060287,0.527282332,0.463225743,0.070664395,0.151056035,0.375288318
D,0.181851048,0.227101296,0.011623174,0.273730867,0.161987363,0.070723106,0.492781053,0.037382347,0.706139837,0.23284872,0.11000938,1.048997937,0.482312871,0.061474018,3.688283879,1.407447062,0.617079459,0.566685066,0.436596442,0.069054249,0.156905699,0.438438841
D,0.074759526,0.33857028,0.007950346,0.345829665,0.186612456,0.079037919,0.395661803,0.047620675,0.662337865,0.226613529,0.073481569,0.962432962,0.277427868,1.029696752,3.716892522,1.577852975,0.737645537,0.685005095,0.423540425,0.059300356,0.140011089,0.467499538
D,0.206163723,0.268368828,-0.087185363,0.377548173,0.19770653,0.074034875,0.376257208,0.060516337,0.535841717,0.184051773,0.06408492,0.783978411,0.069357148,1.525258365,3.108640648,1.489820265,0.920319725,0.714621262,0.374468537,0.004309325,0.011507843,0.617738761
D,0.19614835,-0.080890441,0.128295041,0.358468005,0.232287562,0.085037338,0.489668978,0.061554534,0.525289103,0.20290664,0.090644656,0.818840399,0.123729858,1.209097081,2.916835633,1.38985763,0.910201474,0.695110541,0.36608649,0.050484268,0.137902572,0.654888281
D,0.080424371,0.02463345,-0.03520596,0.40526353,0.218266899,0.077148004,0.516331277,0.061200505,0.624076141,0.207299316,0.099606122,0.930981579,0.239857419,0.867820388,2.816299618,1.452743485,1.065407907,0.69112416,0.353457185,0.034423277,0.09739023,0.733376482
D,0.098317086,0.134023318,0.059716705,0.370194538,0.222879006,0.074996043,0.5000739,0.065016965,0.5610257,0.201210106,0.094152695,0.856388501,0.19593141,1.463426372,2.678981445,1.363347526,1.036266629,0.660457091,0.336487696,0.060957317,0.159858191,0.760089859
D,0.13182662,-0.039757979,0.011934431,0.384408267,0.224766728,0.074335548,0.589431559,0.081270695,0.564667268,0.232571115,0.109686295,0.906924677,0.248633957,0.859146912,2.458969839,1.28270662,1.090485275,0.65829072,0.330723096,0.0650915,0.160789483,0.850143952
D,0.033367607,0.014025839,0.144368518,0.399215867,0.188718135,0.071394498,0.600674515,0.126996744,0.581239518,0.211239078,0.148663776,0.941142372,0.285101036,0.846877973,2.605237181,1.302614642,0.999993938,0.656041336,0.378312861,0.058388452,0.115243551,0.767682095
D,-0.030165913,-0.04675597,-0.000606226,0.373533272,0.223414516,0.081035769,0.611128527,0.055706976,0.476517783,0.229074298,0.169669737,0.875261818,0.197559354,1.461803625,2.642252856,1.29991939,0.968408601,0.677702464,0.362714878,0.058292244,0.121561372,0.744975888
D,0.123504841,0.108971392,0.050013648,0.378209575,0.280647025,0.104545963,0.619137575,0.050497806,0.522819052,0.220183075,0.148950013,0.89195214,0.235225772,2.129393356,2.471492452,1.216971902,0.970069324,0.656726369,0.372517625,0.068555294,0.160566147,0.797117273
D,0.232191389,0.18462712,0.564546505,0.303502721,0.121828648,0.052583599,0.643996727,0.077101561,0.492254789,0.246342886,0.154326038,0.892923714,0.305128284,1.742299418,2.676230304,1.083331863,0.680101025,0.587795429,0.431619328,0.116154388,0.233473523,0.627786414
D,0.368405884,0.274739968,0.1403352,0.318799168,0.141864916,0.064696379,0.691316608,0.099077229,0.501926217,0.250253314,0.142762057,0.894941588,0.335067192,1.119601201,2.228969934,0.901558101,0.679184921,0.559874397,0.456042139,0.099757234,0.208377452,0.753345703
D,0.303118351,0.297005696,0.218091565,0.349490406,0.173328336,0.080973274,0.694574713,0.09978456,0.479496033,0.265186383,0.119023673,0.863706089,0.317637749,1.147909918,2.146551354,0.905751426,0.729973789,0.54606834,0.467166972,0.112602314,0.234548702,0.805931703
E,0.326250805,0.127723583,0.061850623,0.288610167,1.006685451,0.27703098,0.397509394,0.051059504,0.454837534,0.272967727,0.095560273,0.823365534,0.06069327,1.821592649,2.226090185,1.11120313,0.996695697,0.762672264,0.275191203,0.037190287,0.135143443,0.896951844
E,-0.140074821,0.13688118,0.079559426,0.261012278,0.958192948,0.252565746,0.300671999,0.057015968,0.521892865,0.278085652,0.095218125,0.895196643,0.129852251,1.622756777,2.733229277,1.333587938,0.952806909,0.765344392,0.263585478,0.041427187,0.15716794,0.714468751
E,-0.181024176,-0.164554813,-0.025032032,0.249512586,1.014188022,0.249249393,0.294744768,0.054020112,0.58453784,0.303374009,0.143302776,1.031214626,0.250690138,0.52463567,3.300920482,1.634686347,0.981066414,0.780524488,0.245762509,0.020478714,0.083327249,0.600155752
E,-0.257491586,-0.188074436,0.314497092,0.220355762,0.648757729,0.209902722,0.269544993,0.048403718,0.683389237,0.279466533,0.174259933,1.137115703,0.438399539,0.027716409,4.894817323,1.945005734,0.65936609,0.698716164,0.32354562,0.014513849,0.04485874,0.339004702
E,0.798263339,0.138003621,-0.249065057,0.26343318,0.96725919,0.218540243,0.425932633,0.043695684,1.074239645,0.268368086,0.16174264,1.504350371,0.703878021,-3.398569442,2.620657191,1.388848397,1.127486995,0.80047235,0.225937624,-0.076474881,-0.338477848,0.811814304
E,0.626974004,0.484619962,-0.011488869,0.260618911,0.924529243,0.179545675,0.466773544,0.021891217,0.589287591,0.269863121,0.133219485,0.992370198,0.166270072,-0.55963991,1.728109309,0.979691262,1.309016087,0.826100126,0.194202267,-0.002257096,-0.011622397,1.33615164
E,0.158643346,0.089890479,0.14330964,0.29101227,0.815514496,0.190815498,0.496218723,0.033916719,0.449849222,0.291270285,0.130961708,0.872081215,0.073902269,1.658405424,1.62002191,0.881508571,1.193625794,0.798178946,0.233981737,0.001255634,0.005366375,1.354071683
E,0.041935172,-0.014901271,-0.008900329,0.284818722,0.742015715,0.160984089,0.524848652,0.030659551,0.462687032,0.289995618,0.152167562,0.904850212,0.097962246,0.961604832,1.597448782,0.894967143,1.27400788,0.806887966,0.216955093,0.000162359,-0.009002267,1.423524751
E,0.298925396,0.384017983,0.24099223,0.302986066,0.719094747,0.168641022,0.492579758,0.04576782,0.447200642,0.231971245,0.129934857,0.809106744,0.025843352,1.829318484,1.518557756,0.84740739,1.262619276,0.783263392,0.234518501,0.056057001,0.194210918,1.489979071
E,0.260844205,0.238661483,0.228086978,0.370651862,0.739392276,0.197098024,0.501401183,0.042875546,0.498726745,0.224908876,0.124274556,0.847910177,0.07813673,1.608757062,1.51976473,0.866051114,1.324817307,0.769773446,0.266567599,0.047460289,0.178042229,1.529721845
E,0.134581433,0.134769231,0.14918691,0.348471274,0.555622581,0.151777408,0.501318205,0.051124923,0.49044959,0.227469548,0.137468713,0.855387852,0.108580047,1.661271468,1.484198176,0.822069298,1.241554818,0.746807805,0.273166378,0.045733706,0.167420701,1.510279998
E,0.113441952,0.206240614,-0.05944302,0.391472233,0.630381337,0.157434937,0.462750726,0.069477616,0.557362261,0.212816434,0.148160188,0.918338883,0.150740847,0.129666552,1.416235081,0.856915454,1.532067556,0.767598036,0.249745556,-0.009366877,-0.037505679,1.787886481
E,-0.000807121,-0.062764559,0.412549103,0.229187294,0.65994438,0.122370803,0.493341599,0.027771968,0.603838112,0.184077399,0.179974245,0.967889756,0.143831159,-0.029050108,1.756770705,0.966066073,1.221778694,0.824058597,0.185425933,0.056390054,0.304110937,1.264694754
E,0.028197246,-0.035526233,0.06079381,0.309757115,0.540862277,0.144030528,0.525937035,0.058315945,0.523311335,0.196990623,0.201941213,0.922243171,0.168533545,0.559255941,1.739486874,0.92371482,1.132319765,0.753709626,0.266297973,0.030164369,0.063712158,1.225832627
E,0.122716791,0.103487985,0.158526907,0.33525098,0.556106309,0.159818705,0.535101739,0.047013769,0.451191198,0.195570548,0.173478763,0.820240509,0.078007668,0.87133306,1.784587375,0.942795498,1.119986454,0.742232841,0.287388764,0.053359907,0.132647799,1.187942089
E,-0.024361641,-0.044304917,0.200503375,0.303240118,0.307566053,0.099624529,0.546268148,0.029290542,0.399137367,0.216768122,0.170398398,0.786303888,0.079687779,3.314182816,1.963614267,0.927806297,0.895731954,0.706616109,0.323912628,0.075530395,0.157315689,0.965429914
E,-0.453124896,0.080220131,0.214889757,0.224817739,0.304448784,0.114054685,0.276555159,0.031997647,0.498602837,0.202107688,0.190531523,0.891242049,0.243641173,1.731541054,3.634555368,1.333495246,0.579513431,0.647600875,0.374626836,0.083102351,0.17714919,0.4345823
E,-0.216201775,-0.081872739,0.308021531,0.16295232,0.226328084,0.085136316,0.236093025,0.034721953,0.375733949,0.221908057,0.168178559,0.765820565,0.128020965,2.108665366,5.467146952,1.627081881,0.42371206,0.637799601,0.376163288,0.101889793,0.235587456,0.260412254
E,1.35872647,0.303041831,0.022351598,0.192681558,0.294143182,0.083721228,0.427368374,0.035702904,0.506082,0.212269394,0.23445974,0.952811135,0.227640425,-0.027009349,2.776221066,1.111518352,0.667813747,0.725170709,0.284627464,0.062322246,0.144326886,0.600812164
E,-0.538320065,-0.249963507,-0.053307656,0.18573343,0.203815098,0.059506307,0.263063737,0.046925757,0.703763294,0.199835323,0.320790449,1.224389065,0.508494811,-0.486125201,5.56028056,2.147336672,0.629174326,0.715894254,0.291962212,-0.020471153,-0.056309376,0.29300218
E,0.183971659,-0.068894794,0.192639096,0.157433813,0.117252299,0.040746175,0.334505712,0.042218451,-0.047692904,0.108910613,0.313692309,0.374910017,-0.283704466,1.884447911,4.980953869,1.54302503,0.448824017,0.658614483,0.347508539,0.074075784,0.161523378,0.290872804
F,0.194791953,0.134997185,0.161656325,0.269647973,0.2860818,0.103816576,0.503703459,0.029819264,0.384878501,0.258101316,0.15926526,0.802245077,0.144975592,1.738599641,2.589936322,1.084389155,0.720262492,0.657269485,0.362891231,0.050500016,0.139160199,0.664210343
F,-0.015886562,-0.224753654,0.078813116,0.287119997,0.232180749,0.091831189,0.639411388,0.033260187,0.510197358,0.311814886,0.195350821,1.017363065,0.39514907,0.976714101,2.814388633,1.163965046,0.705252309,0.622213995,0.395515946,0.032891056,0.083159873,0.605905058
F,0.527249683,0.629217317,0.089343815,0.339871765,0.290701989,0.107753878,0.599392622,0.042818535,0.501377569,0.231575778,0.135534204,0.868487551,0.224357008,0.944916227,2.231797336,1.054597074,0.895851885,0.644130543,0.37066784,0.030407636,0.082034728,0.849473137
F,0.75018563,0.659488965,0.145146928,0.368219675,0.250518403,0.07961244,0.632151449,0.05882834,0.575170775,0.231433642,0.105872609,0.912477026,0.217931686,0.776786749,1.646859909,0.876617462,1.138105884,0.69454534,0.317790786,0.040279859,0.126749611,1.298292509
F,0.304513295,0.347166239,0.118179756,0.433379504,0.330628921,0.098447853,0.612136755,0.042156973,0.72304141,0.181319421,0.079034119,0.98339495,0.226762183,0.876890756,1.552078053,0.891855182,1.350839575,0.756632767,0.297759353,0.03147001,0.105689408,1.514640048
F,0.268621168,0.267737006,0.152166669,0.495202138,0.56248271,0.163349072,0.61256368,0.014168261,0.610429421,0.169320087,0.068624055,0.848373563,0.095906865,6.123730726,1.563825135,0.964208161,1.608040138,0.752466698,0.290407277,0.042626615,0.146782184,1.667731308
F,0.00989987,0.119988176,0.278273772,0.463437509,0.254446368,0.08246062,0.552352243,0.057205532,0.628288864,0.17876466,0.07706646,0.884119984,0.171389252,2.072004918,1.788242584,1.029274083,1.356161958,0.712730732,0.32407859,0.074793498,0.230788148,1.317590698
F,-0.040547704,0.128070204,0.1809239,0.458922734,0.268542583,0.087316635,0.46978958,0.064861092,0.610182875,0.166054952,0.078987966,0.855225792,0.134464417,1.739015916,2.168648354,1.23449537,1.321513061,0.720761376,0.325150051,0.068097116,0.209432894,1.070488471
F,0.130581278,0.10735593,0.25148274,0.419510594,0.295165005,0.097813883,0.479642804,0.086791297,0.523245267,0.18609841,0.084492349,0.793836027,0.088145534,1.707487611,2.274297789,1.24024888,1.199410269,0.705690493,0.331387129,0.106200136,0.268846763,0.967072245
F,0.113620252,0.140187841,0.168665717,0.408024029,0.230131338,0.070311902,0.468466616,0.100465705,0.575622966,0.189785164,0.082002432,0.847410563,0.079985875,1.284688995,2.396590832,1.311429613,1.208511317,0.767424688,0.305529454,0.087636688,0.234773149,0.921522059
F,0.156416294,0.067476403,0.275615396,0.402240324,0.217872929,0.077851859,0.507498271,0.087680554,0.537307194,0.178051724,0.088058912,0.803417831,0.11880693,1.867826551,2.461944235,1.264928624,1.056735277,0.6846109,0.357326901,0.143883228,0.306835737,0.835410993
F,0.185572961,0.171485143,0.248979774,0.379699293,0.194080805,0.075585046,0.513601245,0.081067016,0.49090509,0.186747671,0.092707029,0.77035979,0.121377933,2.086358272,2.417682088,1.156647688,0.91722136,0.648981857,0.389451423,0.131076173,0.263071346,0.792999778
F,0.170825275,0.242634444,0.123899848,0.364684282,0.201960603,0.074854994,0.483921335,0.084022061,0.546264021,0.178155598,0.094465302,0.818884921,0.145686527,2.061903084,2.323968228,1.11347474,0.919851905,0.673198394,0.370641564,0.113050552,0.242438604,0.82610936
F,0.184334849,0.401824093,0.204400225,0.311999111,0.350168359,0.119312773,0.408842239,0.101203435,0.561679456,0.166387104,0.084377816,0.812444376,0.104165261,1.707451971,2.280208973,1.049206922,0.852319394,0.708279116,0.340729736,0.128693627,0.308174988,0.812346331
F,0.213248418,0.290863755,0.271577029,0.311474505,0.322721807,0.112070352,0.384259917,0.109852486,0.576378273,0.161736693,0.079860832,0.817975799,0.114538608,1.597240074,2.363982272,1.073798078,0.832282773,0.703437191,0.347266127,0.11447783,0.263571961,0.775083128
F,0.111772965,0.14284464,0.252506288,0.287029402,0.395835959,0.148557218,0.373812654,0.123666961,0.592207514,0.16882911,0.091175774,0.852212398,0.17541039,1.697250574,2.47956289,1.026061262,0.70592371,0.676802008,0.375299957,0.143950822,0.30121313,0.687993725
H,0.032142857,0.145800317,0.131820222,0.273456069,0.061745879,0.010593323,0.199861687,0.018957346,0.92893401,0,0.105117566,1.034051576,0.203718437,1.018907563,158.2214533,97.1384083,1.590267943,0.830333139,0.171563244,0.027338549,0.159349686,0.016371155
H,0.148788927,0.147994467,0.94794086,0.237984451,0.034228051,0.009805228,0.2,0.001970553,0.266666667,0,0.357831325,0.624497992,-0.092300763,0.311688312,189.2289157,85.65361446,0.826969494,0.716798755,0.286467619,0.022201303,0.077500218,0.009654811
H,0.343373494,0.343975904,0.087911129,0.211757711,0.08273189,0.022900312,0.199910354,0.001856056,-0.49068323,0,0.119229045,-0.371454185,-1.097883021,3.876033058,147.7623318,63.88340807,0.761614542,0.726428837,0.276801504,0.034021206,0.122908313,0.011921946
H,0.82735426,0.482743165,0.722961775,0.145316427,0.299894502,0.099723992,0.24637243,0.002464365,0.312539784,0,0.327690447,0.640230231,-0.02881692,4.058252427,113.5668712,34.4797546,0.435971826,0.669047151,0.332530245,0.028194083,0.084786521,0.012644284
H,0.014723926,-0.31076179,0.042013156,0.129546851,0.378297898,0.114682916,0.362719298,0.003226527,-0.150240385,0,0.320614035,0.17037365,-0.548489846,2.736408567,114.8561064,33.64207981,0.414239771,0.718863497,0.303155044,0.029361318,0.09685248,0.012313144
H,0.363966143,1.09122807,3.103120719,0.067250767,0.034203976,0.022194752,0.236577181,0.006156493,0.270045386,0,0.342701342,0.612746728,0.251248398,1.832250203,268.9024823,24.59219858,0.100659695,0.36149833,0.648893912,0.033548782,0.05170149,0.004093156
H,0.857269504,0.230704698,0.059880544,0.06422721,0.108978924,0.06906585,0.357021132,0.005655141,0.010204082,0,0.337423313,0.347627395,-0.028164898,2.345540715,153.1899761,13.77040573,0.098769532,0.375792293,0.633754196,0.055995174,0.08835472,0.007172594
H,-0.207159905,-0.324301295,0.051851522,0.063659857,0.084923624,0.055199888,0.418915511,0.007743656,0.594174757,0,0.528373266,1.122548023,0.76418514,2.027225451,202.6592414,17.69295605,0.095655033,0.358362884,0.649994499,0.060288069,0.092751661,0.005406391
H,-0.15051174,-0.262042875,0.072607078,0.057585321,0.077138765,0.051902973,0.482228298,0.007517898,-0.297830375,0,0.679425837,0.381595463,0.04737281,2.417558887,253.112686,19.56484763,0.083772334,0.334222652,0.672852009,0.089417266,0.09449347,0.004281778
H,0.087880936,0.037935748,-0.007692634,0.057274329,0.082036446,0.054243251,0.505432993,0.007674621,0.580345286,0,0.694435298,1.274780584,0.929206149,1.940847557,231.1205212,18.09055375,0.08492023,0.345574435,0.66120918,0.098398544,0.111516479,0.004694175
H,-0.037785016,-0.037866315,0.019868441,0.057936792,0.038123167,0.02600351,0.505475702,0.0072517,0.1003367,0,0.664271047,0.764607748,0.440658567,2.099788966,244.6154367,18.82125931,0.083355822,0.323949181,0.682092062,0.095211215,0.097565802,0.004428812
H,0.100203114,0.100273785,0.038512975,0.057192292,0.038880644,0.027205799,0.505443235,0.007170877,0.010962241,0,0.672783826,0.683746067,0.377970261,2.178214826,230.2406154,17.10707692,0.080264594,0.305775806,0.699726043,0.092797918,0.096771399,0.004691894
H,-0.028307692,-0.019906687,0.002217461,0.057557279,0.033237302,0.023368679,0.501110758,0.007891228,0.296184131,0,0.767692796,1.063876927,0.761690905,1.855072464,237.511083,17.68207726,0.080435597,0.302186022,0.703085913,0.093440282,0.107225375,0.00454899
H,0.730842305,0.733735322,0.037783412,0.061423932,0.079264349,0.054011058,0.500274574,0.008272395,1.747377622,0,0.506681311,2.254058933,1.930239375,1.374183827,143.4954263,11.68971826,0.088689014,0.323819558,0.681404178,0.111737233,0.129727254,0.007586925
H,0.467618002,0.468240893,0.038872927,0.067202421,0.023365435,0.017894272,0.500062336,0.010338879,-0.012668919,0,0.414536841,0.401867922,0.163713215,1.704049184,101.3500374,8.049613563,0.086276281,0.238154707,0.765843716,0.14896408,0.153777911,0.010718065
H,0.123659935,0.123550679,0.028776575,0.064254206,0.009070201,0.006960543,0.500110963,0.014572244,-0.040312094,0,0.442521083,0.402208989,0.165875034,1.559456726,92.46106057,7.039050366,0.08240324,0.236333956,0.767407836,0.13958759,0.149476489,0.011706585
I,0.280911901,0.310660562,0.072754681,0.341917677,0.568966792,0.181550007,0.330838323,0.03374163,0.730246389,0.110528942,0.225,1.065775331,0.373275631,0,4.188084465,2.148717949,1.053620294,0.6924997,0.319087176,0.017911927,0.056134901,0.490348347
I,0.242533937,0.459680639,0.039937874,0.362570627,0.91757343,0.2441526,0.281621769,0.042603098,0.834786984,0.087754683,0.194140572,1.116682239,0.371342654,0,3.996965283,2.290118961,1.34172534,0.745339586,0.266085081,0.021175536,0.079581822,0.585875827
I,1.362466618,1.110112129,0.079581822,0.348464981,1.711264822,0.277864539,0.315301742,0.036433249,0.67972973,0.083142973,0.122106116,0.884978818,0.036378378,0,2.432226904,1.652245401,2.11831357,0.84860044,0.162373781,0.001390553,0.0085639,1.282081686
I,0.995272839,1.628675577,1.194664032,0.242340694,1.579528741,0.341597045,0.239326985,0.039067063,0.783521752,0.142337678,0.077538443,1.003397872,0.208962055,4.95922528,1.806345282,0.94841883,1.105478013,0.794435817,0.216265166,0.108304608,0.500795437,1.165601081
I,1.346338072,1.116175156,0.095512532,0.284508747,2.075184262,0.265214148,0.26535706,0.019066597,0.899388935,0.180402493,0.065298812,1.14509024,0.208833972,0,1.231284229,0.830715705,2.073841686,0.936256268,0.127802698,0,0,2.496451763
I,-0.289223272,-0.446018756,-2.103844152,0.977037954,-1.839998014,0.38534075,0.340462109,-0.06973978,3.496134409,0.159119943,0.099797597,3.75505195,2.416134447,48.53231598,1.999474993,2.62156236,-4.214138556,1.338917504,-0.209424546,0,0,-1.60749125
I,1.070507791,0.205590568,-0.217131005,0.806420734,-0.270620823,0.318346993,0.461994447,0.020199089,-0.5118498,0.004477127,0.397213676,-0.110158997,-2.540821244,2.686063218,-3.472253803,5.518596719,-0.613801409,2.430662247,-1.176358085,0.295495598,-0.251195279,-0.111224183
I,-0.18504683,-0.029689102,-0.032197266,0.981311176,-0.26259465,0.311140763,0.388023921,0.018314334,1.538461538,0.00667629,0.424447079,1.969584908,-0.466117813,-2.614795918,-2.744967781,7.932172989,-0.742911718,2.435702721,-1.184870914,0.055047698,-0.046458814,-0.093658033
I,0.505214907,0.196447904,-0.1223347,0.989498849,-0.22246404,0.24841087,0.488161155,0.048491854,0.442567992,0.00538619,0.367790585,0.815744767,-1.551777811,1.422814983,-1.293406302,4.932209374,-0.792238819,2.367522578,-1.116633815,0.080703254,-0.072273697,-0.160625545
I,0.004854797,0.072110309,0.109045023,1.159943245,-0.140607122,0.181571301,0.45753788,0.032106839,1.401075584,0.00827941,0.390157148,1.799512142,-0.774779349,-6.73006135,-1.377547435,5.493631413,-0.799518035,2.57429149,-1.291337868,0.00215439,-0.001668339,-0.145535435
I,0.695054462,0.736425385,-0.0244498,1.03392025,-0.165688189,0.168905424,0.446636885,0.025444052,0.615149118,0.010994352,0.225812425,0.851955895,-1.359619564,0.670881226,-0.292229161,3.662322183,-0.926103081,2.211575459,-1.019417411,-0.010279806,0.010084001,-0.252873187
I,0.251055891,0.338278863,-0.371260271,0.688388619,-0.337745032,0.157306152,0.41752711,0.035286016,0.176566973,0.051237482,0.194840796,0.422645252,-1.130176991,8.317907445,0.785303011,2.772731038,-1.395135321,1.552822243,-0.465754156,0.055813615,-0.119834926,-0.503162875
I,0.926452922,0.740474584,-0.788248903,0.552077794,-1.720557114,0.106522362,0.462141952,0.063162192,0.427089968,0.065928005,0.139373463,0.632391436,-0.470805024,3.731323804,1.656639394,1.875092729,-8.583493282,1.10319646,-0.061911552,0.037029927,-0.598110143,-4.577636695
I,-0.123477363,-0.038238144,-4.430631429,0.45001425,0.869094926,0.142236643,0.421183144,0.087594331,0.449449913,0.108932732,0.201891832,0.760274477,-0.10007409,2.390318453,3.140393484,2.285386616,2.672945328,0.860348567,0.163660653,0.04945718,0.302193467,1.169581247
J,2.02828619,0.617893684,0.009857995,0.021120826,0.065070186,0.044920242,0.086538919,0.0065799,0.454709058,0.160810233,0.216680139,0.83219943,0.513526021,-0.883647799,22.89395604,0.660989011,0.02973013,0.318673408,0.690335238,0.006738889,0.009761764,0.044978252
J,-0.171428571,0.641386525,0.142843021,0.032041282,0.096271949,0.065088671,0.04368482,0.010899284,-0.024489796,0.164831981,0.128852839,0.269195024,-0.063143269,2.482935154,32.08222812,1.416445623,0.046189776,0.332338294,0.676091756,-0.019108466,-0.028263126,0.032609636
J,1.858090186,0.009878331,0.045973532,0.058290639,0.1200951,0.07562522,0.12363386,0.010329917,-0.015116279,0.203522561,0.119044204,0.307450486,-0.072032383,1.72248062,12.23642691,1.013689095,0.090324581,0.379482869,0.629711117,0.030437556,0.043932189,0.089104817
J,-0.818561485,0.068930897,0.060760802,0.048187001,0.124617513,0.072286977,0.020985401,0.012183888,0.180904523,0.255742808,0.109462216,0.546109546,0.122574769,2.097560976,71.01534527,5.404092072,0.082363718,0.423534778,0.580070772,0.040156919,0.057299889,0.015240991
J,9.434782609,-0.267469944,-0.120661093,0.113292882,0.151979254,0.084540557,0.298933949,0.021044144,0.064250914,0.168113712,0.175587061,0.407951686,-0.040472829,-0.694214876,6.643504902,1.114338235,0.201538189,0.448424515,0.556263793,-0.025311618,-0.045502903,0.180859081
J,0.472426471,0.213246877,0.056407642,0.155280683,0.17218807,0.096745294,0.362793647,0.020926031,0.099375221,0.25110212,0.14309439,0.49357173,0.052361393,0.337330136,5.0556804,1.08872243,0.274447685,0.441210337,0.561858283,0.029989037,0.053374735,0.252082328
J,-0.407240949,-0.014040703,0.552902671,0.111169027,0.084981626,0.060317795,0.218111659,0.017062231,0.160795825,0.2800049,0.149358405,0.59015913,0.298023106,1.449141347,12.00968829,1.617101938,0.155601492,0.292136024,0.709774551,0.036948246,0.052056312,0.096222438
J,0.271412525,0.107800202,0.054609814,0.062714979,0.136744472,0.052293025,0.250324828,0.017891077,0.271123596,0.288226025,0.132142758,0.691492379,0.072052357,0.074230537,10.02992822,1.409497515,0.163506623,0.619440022,0.38241418,0.019664999,0.051423301,0.116003485
J,0.340474876,0.119951345,0.012785365,0.126996462,0.159443938,0.101509148,0.299614929,0.023572499,0.325706144,0.271030806,0.117767575,0.714504524,0.349252078,0.25794841,7.805569287,1.292469929,0.198441611,0.365252447,0.636644762,0.015389447,0.018202287,0.153536733
J,0.286785302,0.345255727,0.223221514,0.119927627,0.136479737,0.084139259,0.286592415,0.020784997,0.258116053,0.271509569,0.086735536,0.616361159,0.231759053,1.555812876,7.39234266,1.200973174,0.193975368,0.384602106,0.616496344,0.14094824,0.182486583,0.161515155
J,0.312183879,0.037982348,-0.084454464,0.143320894,0.177848559,0.09535864,0.362300907,0.025891741,0.332812653,0.266029097,0.088458343,0.687300093,0.222581182,1.514817951,5.472359112,1.152476214,0.266784133,0.46471891,0.536178872,0.017441438,0.009397307,0.231487756
J,-0.263430105,-0.081139847,0.157969639,0.139838119,0.074032891,0.043491216,0.290424979,0.022781539,0.193431814,0.230208353,0.098809134,0.522449302,0.107983647,2.161157025,8.400437202,1.609101749,0.236934512,0.414465655,0.587458027,0.100751785,0.136429254,0.147246445
J,-0.09154743,0.042824987,0.188457112,0.111923594,0.102993196,0.053745573,0.253002491,0.021492171,0.185239429,0.179928051,0.105968084,0.471135564,-0.008532072,1.768253968,10.78416217,1.899591658,0.213807933,0.479667636,0.521836146,0.108411959,0.158572918,0.112554681
J,-0.272057751,0.142477631,0.897917812,0.081992826,0.117289663,0.068037296,0.161203333,0.021256035,0.029691828,0.046763984,0.115052965,0.191508777,-0.228982647,1.673901897,26.43393769,3.26975859,0.141155815,0.420491424,0.580079218,0.091684665,0.120861586,0.043170103
J,0.227987579,0.167113422,-0.021569916,0.08517333,0.073106161,0.042823487,0.169611356,0.024224725,0.263153363,0.133721654,0.128436432,0.525311449,0.110615667,0.891764706,21.13728689,2.680642793,0.145239989,0.414695782,0.585771242,0.015818361,0.017731813,0.054181031
J,0.132229382,0.102688269,0.022673031,0.078013366,0.088348675,0.062002596,0.174155259,0.017198134,0.061923677,0.116400457,0.11045308,0.288777214,-0.00976442,3.596725549,18.52182997,1.851080692,0.111037642,0.298541633,0.701794293,0.019887053,0.01361338,0.059985306
K,0.222887061,0.058352606,0.051973051,0.224383989,0.15946935,0.094287569,0.549672214,0.012023979,0.585380325,0.155488317,0.230066678,0.97093532,0.549706644,-1.729106628,3.048929664,0.820591233,0.368252516,0.421228677,0.591258249,0.042572758,0.050777676,0.448764867
K,0.042303772,0.210287443,-0.081107045,0.244162,0.356549012,0.162330009,0.47337963,0.023501951,0.625327303,0.142175926,0.243888889,1.011392118,0.452965648,-1.307482993,2.992176039,1.027677262,0.523124409,0.55842647,0.455281052,-0.040208522,-0.088315826,0.509035695
K,0.171442543,0.240648148,0.901827052,0.186932372,0.206769279,0.119423068,0.446973655,0.048275618,0.686266772,0.161131428,0.231136652,1.078534852,0.646232467,-0.808370044,4.198029721,1.008682585,0.316266164,0.432302384,0.577566787,-0.02848374,-0.04931679,0.313543794
K,0.20938387,0.22800209,-0.004607089,0.213671148,0.248908641,0.126441081,0.440196913,0.048681991,0.702840861,0.128631336,0.254254285,1.085726482,0.585108032,-0.209310466,3.710202955,1.085185697,0.413401357,0.50061845,0.507981885,-0.00235115,-0.004628412,0.380949876
K,0.886580146,0.873131154,0.047914585,0.274067735,0.234917687,0.10028067,0.443357506,0.042887989,0.723036535,0.134926429,0.129280836,0.987243799,0.400292763,1.228364594,2.372168758,0.91408394,0.626907248,0.586951036,0.426875777,0.024489009,0.057367998,0.685831158
K,1.525815068,0.506043056,0.366417386,0.339324944,0.27054675,0.108791339,0.743563781,0.026835409,0.449894939,0.109636556,0.151819377,0.711350872,0.10018398,5.466211359,1.439951904,0.651156053,0.825506437,0.611166892,0.402116597,0.100386984,0.249646458,1.267755147
K,0.49976821,0.465088222,0.2866352,0.438223395,0.209375357,0.074897876,0.76116462,0.027347535,0.616061928,0.105109918,0.120836703,0.842008549,0.186214092,3.791798107,1.488601897,0.811902324,1.199797305,0.655794457,0.357720588,0.081163194,0.226889917,1.477760649
K,0.318084346,0.3411955,0.114122987,0.500920768,0.130017553,0.038220063,0.748048417,0.03463371,0.616076615,0.102474564,0.14237238,0.860923559,0.14320691,2.119692737,1.530815794,0.95882922,1.676314205,0.717716648,0.293960793,0.051541344,0.175334076,1.748292783
K,0.111354576,0.158083721,0.040371039,0.580523687,0.124935346,0.031415574,0.717864362,0.053565633,0.617677044,0.120769883,0.153914974,0.892361901,0.13443307,0.910551396,1.756328676,1.220875563,2.280079308,0.757928831,0.251454654,0.06052414,0.201657595,1.867577153
K,0.082933842,0.19137243,0.194280929,0.54471628,0.113015323,0.024243926,0.652524426,0.067990044,0.621742983,0.153197897,0.147293598,0.922234478,0.131532453,0.64084749,2.08005334,1.489545023,2.522479325,0.790702024,0.214518926,0.073446265,0.292715874,1.693456248
K,0.169684828,0.120195803,-0.142671534,0.621241166,0.156984436,0.024941811,0.681352241,0.092546116,0.633700297,0.126526964,0.15300498,0.913232241,0.058372826,0.721341805,2.097977563,1.665160467,3.847261312,0.854859416,0.158880791,0.075834419,0.363221958,2.310444781
K,0.162653895,0.124639984,0.113155806,0.642695333,0.228017288,0.034750033,0.704382601,0.094658848,0.542679299,0.13315903,0.189597315,0.865435645,0.004891797,0.886061113,2.135645205,1.721254589,4.153700702,0.860543848,0.152400869,0.074944013,0.397558077,2.413182064
K,0.122615743,0.075137508,0.355202593,0.626610199,0.411141408,0.070765456,0.735488243,0.102684115,0.551045831,0.154997419,0.179773303,0.885816553,0.048403587,0.945765483,2.300684016,1.800438728,3.599111813,0.837412966,0.172119505,0.090127253,0.437507973,1.999019326
K,0.265202912,0.331186051,0.601998023,0.594719204,0.313359445,0.070002135,0.699032164,0.090945134,0.622591517,0.16807993,0.180929316,0.971600763,0.188965811,0.961208234,2.306697602,1.673287771,2.641714237,0.782634953,0.223392451,0.085667368,0.314538967,1.578756675
K,0.155943231,0.168086541,0.076116439,0.582867363,0.297160802,0.06136668,0.691765097,0.10330019,0.545305877,0.188921149,0.207660077,0.941887103,0.138705548,0.722881288,2.233903121,1.644235122,2.788408264,0.803181555,0.206510008,0.079046144,0.347987957,1.695869542
K,-0.039437012,0.027498099,0.14119682,0.583897703,0.393105656,0.088887749,0.646700903,0.115295833,0.4781101,0.18915485,0.215999662,0.883264612,0.099033534,0.993286448,2.485717936,1.785162893,2.54821218,0.784231078,0.226116687,0.083546236,0.313775314,1.427439585
L,0.11751886,0.204883965,-0.14064775,0.440275555,0.982906627,0.13592415,0.268415119,-0.000722016,0.270581859,0.240295823,0.218082251,0.728959933,-0.168780839,30.22222222,5.386888689,4.058755876,3.055986446,0.897740772,0.138287958,-0.020758814,-0.150112952,0.752936747
L,-0.01550155,0.082760657,0.359826807,0.360326101,0.63740067,0.118121225,0.244056031,0.01300982,0.194696022,0.230841701,0.190826825,0.616364548,-0.226910275,2.693475816,5.280424624,3.445956928,1.878450591,0.843274823,0.185317071,-0.012535083,-0.067641277,0.545117258
L,0.428738318,0.188273212,-0.028739929,0.365635209,0.838820947,0.14860961,0.29344447,0.0234369,0.197117816,0.238915896,0.171388929,0.607422641,-0.241453766,0.195609436,3.741867823,2.494791852,2.000513128,0.848876407,0.177164877,-0.002828254,-0.015963967,0.801875766
L,0.512887056,0.229527009,0.269734029,0.370528295,0.535641319,0.11722796,0.361072459,0.032273283,0.166771468,0.226064823,0.135024605,0.527860897,-0.280092754,2.260242948,2.75984585,1.713201429,1.63685144,0.80795365,0.218855335,0.046492202,0.212433488,0.955434319
L,0.615118902,0.421041914,-0.036370984,0.373881005,0.521003704,0.086673075,0.41038547,0.034930511,0.520520558,0.223000406,0.088754747,0.83227571,-0.031914033,0.595373986,1.978278265,1.353832948,2.168006337,0.864189743,0.166357886,-0.006278972,-0.037743762,1.601383938
L,0.422911847,0.17548542,0.307984437,0.368066879,0.620270752,0.110025593,0.496766984,0.057473313,0.516693807,0.222252698,0.088680635,0.82762714,-0.028243495,1.252968313,1.718827006,1.144804245,1.994353402,0.855870634,0.177383172,0.042873393,0.241699323,1.742091201
L,0.302788315,0.134775873,0.28240114,0.356463638,0.692641053,0.12410405,0.570317221,0.054984633,0.606722766,0.215331522,0.087897086,0.909951373,0.067559777,0.660571693,1.660390538,1.095350589,1.938536545,0.842391596,0.179175128,0.015482519,0.086409979,1.769786371
L,0.091135982,0.111624867,0.059310498,0.383040839,0.443026854,0.073338398,0.559805434,0.06799588,0.608479443,0.231857039,0.08501814,0.925354622,0.077676606,0.539209549,1.798066549,1.249507286,2.277798175,0.847678016,0.165539397,0.011476015,0.069324976,1.822957096
L,-0.127335894,-0.029909763,0.053668835,0.410754338,0.295257414,0.050276536,0.503584192,0.080405722,0.609825001,0.216188844,0.103300279,0.929314124,0.088111291,0.67003367,2.238231827,1.575900695,2.379294897,0.841202832,0.17028035,0.034269246,0.108528193,1.509800017
L,0.028337578,-0.038407099,-0.012232911,0.354405986,0.281175196,0.040648245,0.53853824,0.087888366,0.512312933,0.20643081,0.124537049,0.843280792,-0.020390259,0.874655799,2.181018107,1.544809676,2.428150276,0.863671051,0.144565542,0.026381836,0.091125557,1.571811928
L,0.298723159,0.188810615,0.405913775,0.370295406,0.274918678,0.050957816,0.588329273,0.073771026,0.512964593,0.198535259,0.133867331,0.845367183,0.02630983,0.610004415,2.057193112,1.368474974,1.986988431,0.819057353,0.185355961,0.030853073,0.099199771,1.451972794
L,0.151749676,0.09339995,0.250535428,0.401322865,0.379108713,0.087909805,0.6197257,0.098789583,0.503938565,0.183771129,0.176877096,0.86458679,0.087774909,1.011015133,2.027494668,1.279705066,1.71131701,0.776811882,0.231885479,0.067064356,0.221023138,1.337274545
L,0.046817563,0.151243649,0.165172589,0.362745265,0.517167791,0.118018228,0.563512118,0.098691472,0.486038944,0.186304713,0.161832154,0.83417581,0.05452712,1.015414613,2.142084922,1.309748919,1.573581958,0.77964869,0.22820104,0.059914334,0.193891796,1.201437876
L,0.67628676,0.583138626,0.023136389,0.420222653,0.737976593,0.13500701,0.596667839,0.0978666,0.468710983,0.186390031,0.127027712,0.782128726,-0.042895647,1.089155512,1.663698465,1.155674854,2.274844767,0.825024373,0.182942131,0.065080962,0.268996111,1.968412447
L,0.425194903,0.337463309,0.599255844,0.395390581,0.50162935,0.112053788,0.635806573,0.102186031,0.446326852,0.19642283,0.102209132,0.744958814,-0.036023303,1.5173492,1.573478177,1.003408969,1.7601529,0.780982117,0.223379648,0.108779374,0.374047666,1.754172978
L,0.437115125,0.204113105,0.433196646,0.436224416,0.493603663,0.128356173,0.758838384,0.101639813,0.507617634,0.237621511,0.096107807,0.841346952,0.098866847,1.022840878,1.518982699,0.950467858,1.67184353,0.742480105,0.26003894,0.080271965,0.240335998,1.758969033
M,43.55737705,9.909880565,-0.07094336,0.186106446,0.263941095,0.137862407,0.541003185,0.001723531,0.096832038,0.249800955,0.231090764,0.577723758,0.063419015,-46.89795918,4.754966887,1.182303164,0.330930436,0.514304743,0.522322629,-0.039884891,-0.076360641,0.279903198
M,0.143119941,0.529458599,0.446320993,0.167795757,0.250133504,0.12839443,0.404346694,0.010436359,0.716592236,0.253058303,0.193779282,1.163429821,0.647925795,-3.687344913,5.915191503,1.395075636,0.308626153,0.515504026,0.513303607,-0.024341216,-0.047420698,0.221225391
M,0.613614419,0.212649662,0.022393108,0.18683874,0.231701372,0.105627431,0.538044645,0.007414881,0.673628644,0.217857909,0.228375188,1.119861741,0.550542559,-3.351265823,3.985937967,1.121870948,0.391705551,0.569319182,0.455877451,0.009984919,0.021902639,0.349153841
M,0.259898275,0.455623524,0.119158716,0.22101935,0.180087119,0.081569379,0.465698382,0.008121885,0.74516696,0.225605485,0.16632875,1.137101195,0.571504972,-3.700234192,3.744874535,1.200744083,0.471966397,0.565596223,0.452943995,0.046252713,0.102115744,0.393061605
M,0.525132589,0.245253806,0.035189795,0.275663688,0.169577109,0.070848245,0.570367081,0.0111113,0.555286822,0.23963884,0.151687389,0.94661305,0.341760138,0.363358779,2.823584367,1.096745731,0.63511767,0.604852912,0.417793684,0.035172977,0.08418743,0.579092904
M,0.936160274,0.683540557,0.022902828,0.347479109,0.180589428,0.064100291,0.655952172,0.026584209,0.419187351,0.198435027,0.094091788,0.711714167,0.0474105,4.954736842,1.779541068,0.867226035,0.950577381,0.664303667,0.354950407,0.026209572,0.082302471,1.096112597
M,0.432286082,0.484807456,1.002997091,0.297816519,0.107557798,0.043856396,0.632749494,0.019926155,0.462601906,0.215973283,0.08011511,0.758690299,0.155965666,5.226979917,2.191521617,0.915684073,0.717712123,0.602724633,0.407747246,0.050633441,0.110139655,0.78379885
M,0.396331649,0.36735709,0.032126511,0.388273028,0.155163592,0.050082576,0.646157577,0.022657592,0.468991934,0.192982912,0.062393362,0.724368208,0.034168426,3.513915547,2.056175107,1.113114227,1.180320646,0.690199782,0.322772731,0.047793376,0.13039029,1.060376929
M,0.302482374,0.373823196,0.105588561,0.436697038,0.141887462,0.037757085,0.612603469,0.032780588,0.522922779,0.181871481,0.055099197,0.759893457,0.016397732,2.786376953,2.097208072,1.296707933,1.619872215,0.743495725,0.266105858,0.056664705,0.188026277,1.249219021
M,0.149331604,0.128335739,0.067080618,0.459474238,0.200204807,0.045684847,0.624002682,0.03771448,0.606548779,0.20487764,0.051357694,0.862784113,0.083528152,1.681681682,2.225412772,1.482199778,1.994313596,0.779255961,0.228190558,0.071265392,0.249490995,1.345509307
M,0.096128362,0.019957537,0.315691826,0.429174774,0.143806829,0.034488286,0.670603444,0.044526379,0.635266184,0.226571059,0.06447478,0.926312023,0.160871107,1.108976963,2.477528182,1.585443555,1.777234477,0.765440916,0.239823705,0.093729961,0.324414654,1.120969883
M,0.171173011,0.024606687,-0.077090716,0.43969298,0.226699077,0.044203651,0.76653087,0.035139102,0.49719674,0.249294284,0.062188576,0.8086796,-0.001331048,1.563681887,2.27840279,1.575421099,2.24105566,0.810010648,0.194988228,0.025499949,0.130776863,1.422512154
M,0.184313862,0.103579906,0.302787975,0.450964696,0.187528559,0.045421594,0.822607525,0.04048818,0.564773606,0.250036334,0.062518773,0.877328712,0.114314418,1.807543776,2.203232019,1.429926797,1.849110488,0.763014294,0.24221161,0.045801583,0.189097389,1.293150455
M,-0.082820478,0.025889215,1.154697353,0.425496242,0.126501702,0.049853189,0.735438842,0.044657319,0.625308334,0.258478858,0.085123865,0.968911058,0.357569308,1.199435215,3.76073919,1.944040632,1.070095324,0.611341751,0.394091051,0.144917039,0.331793489,0.550449053
M,0.373126661,0.305338068,0.140088149,0.42493797,0.168189879,0.067316104,0.773631526,0.057433107,0.443724283,0.30533136,0.064506676,0.81356232,0.208452944,1.481519424,3.095689462,1.587309678,1.0523276,0.605109376,0.400238731,0.090592347,0.202393944,0.662963009
M,0.409281359,0.377066142,-0.143332796,0.47854724,0.301827525,0.096939914,0.791729936,0.045737963,0.471195008,0.304860108,0.058426376,0.834481492,0.150603204,1.719439331,2.272994837,1.356088157,1.478981652,0.683878288,0.32117652,-0.007513064,-0.06182463,1.09062353
